{"cameraMode":{"drawMode":0,"name":"Shaded","section":"Shading Mode"},"sceneLighting":false,"audioPlay":false,"sceneViewState":{"m_AlwaysRefresh":true,"showFog":true,"showSkybox":false,"showFlares":true,"showImageEffects":true,"showParticleSystems":true,"showVisualEffectGraphs":true,"m_FxEnabled":true},"in2DMode":false,"pivot":{"x":2.2351741790771486e-8,"y":0.1000000387430191,"z":-2.9802322387695315e-8},"rotation":{"x":0.16368354856967927,"y":-0.34271350502967837,"z":0.06077153980731964,"w":0.9230749011039734},"size":0.2635563313961029,"orthographic":true}